Comment/Title for context	Spotify track	Context	Mental health
https://www.reddit.com/r/depression/comments/2rlyoc/comment/cnh3ixi/?utm_source=share&utm_medium=web2x&context=3	https://open.spotify.com/track/1HsjoAytWxKDxjAV6dLGxW?si=d8c824112b56465f	Need some relaxation music Please help. I am horrible at remember bands or even having a decent playlist. I am feeling depressed tonight and need something to ease my mind so I can get some sleep. I don't want any inspirational music, just some calm relaxing music. I would really appreciate it _.	H
https://www.reddit.com/r/depression/comments/2rlyoc/comment/cnh3ixi/?utm_source=share&utm_medium=web2x&context=3	https://open.spotify.com/track/4kXDHy4JtWKvGmowev5D84?si=7ba12006580b4b2d	Need some relaxation music Please help. I am horrible at remember bands or even having a decent playlist. I am feeling depressed tonight and need something to ease my mind so I can get some sleep. I don't want any inspirational music, just some calm relaxing music. I would really appreciate it _.	H
https://www.reddit.com/r/depression/comments/2udjtb	https://open.spotify.com/track/5f4GxONfMbpqRBVVt9ekh9?si=7412a87d2b6f46cf	Post music that makes you feel happy or safe. An attempt to break up the darkness.  What're you listening to tonight, r/depression? What songs make you think of a happy place, or just make you feel good?I've got a couple of my own to share.	H
https://www.reddit.com/r/depression/comments/2udjtb	https://open.spotify.com/track/0mvkwaZMP2gAy2ApQLtZRv?si=9228eb64ab584a35	Post music that makes you feel happy or safe. An attempt to break up the darkness.  What're you listening to tonight, r/depression? What songs make you think of a happy place, or just make you feel good?I've got a couple of my own to share.	H
https://www.reddit.com/r/depression/comments/2udjtb	https://open.spotify.com/track/09x9v1o51dbqi5H0u7UGfp?si=d3a517ae46ca45c6	Post music that makes you feel happy or safe. An attempt to break up the darkness.  What're you listening to tonight, r/depression? What songs make you think of a happy place, or just make you feel good?I've got a couple of my own to share.	H
https://www.reddit.com/r/depression/comments/2wlgc7/post_your_most_uplifting_music_if_any/	https://open.spotify.com/track/2moPQQfVDCPNDmPiemlrXF?si=fe5bf11f7f744c31	Post your most uplifting music (if any). Let's get a party started up in here	H
https://www.reddit.com/r/depression/comments/2zfu1l/share_music_that_puts_you_in_a_good_mood/	https://open.spotify.com/track/401EJO6SRKjlg5CZpo2SEl?si=3395489ff15d43ff	Share music that puts you in a good mood :) My personal favorite artist to put me in a good mood is nujabes Heres few song recommendations	H
https://www.reddit.com/r/depression/comments/2zfu1l/share_music_that_puts_you_in_a_good_mood/	https://open.spotify.com/track/7GVUmCP00eSsqc4tzj1sDD?si=6f12317dee0f4b8c	Share music that puts you in a good mood :) My personal favorite artist to put me in a good mood is nujabes Heres few song recommendations	H
https://www.reddit.com/r/depression/comments/3aao9s/i_thought_we_could_make_a_list_of_music_that/	https://open.spotify.com/track/4SWzLstnBnIqwI8BewA3T6?si=2fc6c16ca44f4617	I thought we could make a list of music that makes you feel happy or better.   (I have considered posting here many times but ultimately decided against  it. While listening to some music today i realized just how much it  helps. So i thought we together could make a list of songs that makes  you feel better.I'll start with my two favorites to cheer me up. (added another)	H
https://www.reddit.com/r/depression/comments/3aao9s/i_thought_we_could_make_a_list_of_music_that/	https://open.spotify.com/track/2jfk3m8nq5IvB35s2xIs1O?si=5fa7a51a62654940	I thought we could make a list of music that makes you feel happy or better.   (I have considered posting here many times but ultimately decided against  it. While listening to some music today i realized just how much it  helps. So i thought we together could make a list of songs that makes  you feel better.I'll start with my two favorites to cheer me up. (added another)	H
https://www.reddit.com/r/depression/comments/3aao9s/i_thought_we_could_make_a_list_of_music_that/	https://open.spotify.com/track/38qLvs3obCzzePUxYLtAG7?si=8218e356d7f1459e	I thought we could make a list of music that makes you feel happy or better.   (I have considered posting here many times but ultimately decided against  it. While listening to some music today i realized just how much it  helps. So i thought we together could make a list of songs that makes  you feel better.I'll start with my two favorites to cheer me up. (added another)	H
https://www.reddit.com/r/depression/comments/3aao9s/i_thought_we_could_make_a_list_of_music_that/	https://open.spotify.com/track/3HBcQ5GenzAlBhCIgDGL3x?si=d955781abe4f4bb8	I thought we could make a list of music that makes you feel happy or better.   (I have considered posting here many times but ultimately decided against  it. While listening to some music today i realized just how much it  helps. So i thought we together could make a list of songs that makes  you feel better.I'll start with my two favorites to cheer me up. (added another)	H
https://www.reddit.com/r/depression/comments/3aao9s/i_thought_we_could_make_a_list_of_music_that/	https://open.spotify.com/track/6qjZrCKv5LMeWQF4fgyG8E?si=0d95bfe9b38f4fbc	I thought we could make a list of music that makes you feel happy or better.   (I have considered posting here many times but ultimately decided against  it. While listening to some music today i realized just how much it  helps. So i thought we together could make a list of songs that makes  you feel better.I'll start with my two favorites to cheer me up. (added another)	H
https://www.reddit.com/r/depression/comments/3aao9s/i_thought_we_could_make_a_list_of_music_that/	https://open.spotify.com/track/2lwwrWVKdf3LR9lbbhnr6R?si=90bd0ce06b424693	I thought we could make a list of music that makes you feel happy or better.   (I have considered posting here many times but ultimately decided against  it. While listening to some music today i realized just how much it  helps. So i thought we together could make a list of songs that makes  you feel better.I'll start with my two favorites to cheer me up. (added another)	H
https://www.reddit.com/r/depression/comments/3aao9s/i_thought_we_could_make_a_list_of_music_that/	https://open.spotify.com/track/76Je5Wklky23mVoxiRszcN?si=21f289a6c4ba471c	I thought we could make a list of music that makes you feel happy or better.   (I have considered posting here many times but ultimately decided against  it. While listening to some music today i realized just how much it  helps. So i thought we together could make a list of songs that makes  you feel better.I'll start with my two favorites to cheer me up. (added another)	H
https://www.reddit.com/r/depression/comments/3aao9s/i_thought_we_could_make_a_list_of_music_that/	https://open.spotify.com/track/2F4FNcz68howQWD4zaGJSi?si=6f4404492de241d3	I thought we could make a list of music that makes you feel happy or better.   (I have considered posting here many times but ultimately decided against  it. While listening to some music today i realized just how much it  helps. So i thought we together could make a list of songs that makes  you feel better.I'll start with my two favorites to cheer me up. (added another)	H
https://www.reddit.com/r/depression/comments/3aao9s/i_thought_we_could_make_a_list_of_music_that/	https://open.spotify.com/track/2d6m2F4I7wCuAKtSsdhh83?si=88e586f565d84916	I thought we could make a list of music that makes you feel happy or better.   (I have considered posting here many times but ultimately decided against  it. While listening to some music today i realized just how much it  helps. So i thought we together could make a list of songs that makes  you feel better.I'll start with my two favorites to cheer me up. (added another)	H
https://www.reddit.com/r/depression/comments/3aao9s/i_thought_we_could_make_a_list_of_music_that/	https://open.spotify.com/track/32OlwWuMpZ6b0aN2RZOeMS?si=aa3d7e7ce1b54981	I thought we could make a list of music that makes you feel happy or better.   (I have considered posting here many times but ultimately decided against  it. While listening to some music today i realized just how much it  helps. So i thought we together could make a list of songs that makes  you feel better.I'll start with my two favorites to cheer me up. (added another)	H
https://www.reddit.com/r/depression/comments/3aao9s/i_thought_we_could_make_a_list_of_music_that/	https://open.spotify.com/track/5nGhviemOj1GRyokq2pLfn?si=f6e4c21b5ee34e49	I thought we could make a list of music that makes you feel happy or better.   (I have considered posting here many times but ultimately decided against  it. While listening to some music today i realized just how much it  helps. So i thought we together could make a list of songs that makes  you feel better.I'll start with my two favorites to cheer me up. (added another)	H
https://www.reddit.com/r/depression/comments/3aao9s/i_thought_we_could_make_a_list_of_music_that/	https://open.spotify.com/track/0aym2LBJBk9DAYuHHutrIl?si=985e38c7719d4c3b	I thought we could make a list of music that makes you feel happy or better.   (I have considered posting here many times but ultimately decided against  it. While listening to some music today i realized just how much it  helps. So i thought we together could make a list of songs that makes  you feel better.I'll start with my two favorites to cheer me up. (added another)	H
https://www.reddit.com/r/depression/comments/3aao9s/i_thought_we_could_make_a_list_of_music_that/	https://open.spotify.com/track/6JRLFiX9NJSoRRKxowlBYr?si=ca8c79997682467a	I thought we could make a list of music that makes you feel happy or better.   (I have considered posting here many times but ultimately decided against  it. While listening to some music today i realized just how much it  helps. So i thought we together could make a list of songs that makes  you feel better.I'll start with my two favorites to cheer me up. (added another)	H
https://www.reddit.com/r/depression/comments/3aao9s/i_thought_we_could_make_a_list_of_music_that/	https://open.spotify.com/track/5O4erNlJ74PIF6kGol1ZrC?si=7a12f4dc83c44e12	I thought we could make a list of music that makes you feel happy or better.   (I have considered posting here many times but ultimately decided against  it. While listening to some music today i realized just how much it  helps. So i thought we together could make a list of songs that makes  you feel better.I'll start with my two favorites to cheer me up. (added another)	H
https://www.reddit.com/r/depression/comments/3aao9s/i_thought_we_could_make_a_list_of_music_that/	https://open.spotify.com/track/2u2udGmop1z67EPpr91km7?si=aa31f2d573384f14	I thought we could make a list of music that makes you feel happy or better.   (I have considered posting here many times but ultimately decided against  it. While listening to some music today i realized just how much it  helps. So i thought we together could make a list of songs that makes  you feel better.I'll start with my two favorites to cheer me up. (added another)	H
https://www.reddit.com/r/depression/comments/3aao9s/i_thought_we_could_make_a_list_of_music_that/	https://open.spotify.com/track/7woW97CfcWaKtuC6W5BP2K?si=45e999bdb12d4ad5	I thought we could make a list of music that makes you feel happy or better.   (I have considered posting here many times but ultimately decided against  it. While listening to some music today i realized just how much it  helps. So i thought we together could make a list of songs that makes  you feel better.I'll start with my two favorites to cheer me up. (added another)	H
https://www.reddit.com/r/depression/comments/3aao9s/i_thought_we_could_make_a_list_of_music_that/	https://open.spotify.com/track/7iN1s7xHE4ifF5povM6A48?si=5c04a38f0e284b1d	I thought we could make a list of music that makes you feel happy or better.   (I have considered posting here many times but ultimately decided against  it. While listening to some music today i realized just how much it  helps. So i thought we together could make a list of songs that makes  you feel better.I'll start with my two favorites to cheer me up. (added another)	H
https://www.reddit.com/r/depression/comments/3aao9s/i_thought_we_could_make_a_list_of_music_that/	https://open.spotify.com/track/3htHnNR8RdA2J43ZQqLuO6?si=af4e1251a50047bf	I thought we could make a list of music that makes you feel happy or better.   (I have considered posting here many times but ultimately decided against  it. While listening to some music today i realized just how much it  helps. So i thought we together could make a list of songs that makes  you feel better.I'll start with my two favorites to cheer me up. (added another)	H
https://www.reddit.com/r/depression/comments/3aao9s/i_thought_we_could_make_a_list_of_music_that/	https://open.spotify.com/track/3Kmr75LEdTzcgPP5m5p6Gz?si=c038898261f2437a	I thought we could make a list of music that makes you feel happy or better.   (I have considered posting here many times but ultimately decided against  it. While listening to some music today i realized just how much it  helps. So i thought we together could make a list of songs that makes  you feel better.I'll start with my two favorites to cheer me up. (added another)	H
https://www.reddit.com/r/depression/comments/3aao9s/i_thought_we_could_make_a_list_of_music_that/	https://open.spotify.com/track/7Ie9W94M7OjPoZVV216Xus?si=8e3a7a9effd546c5	I thought we could make a list of music that makes you feel happy or better.   (I have considered posting here many times but ultimately decided against  it. While listening to some music today i realized just how much it  helps. So i thought we together could make a list of songs that makes  you feel better.I'll start with my two favorites to cheer me up. (added another)	H
https://www.reddit.com/r/depression/comments/3aao9s/i_thought_we_could_make_a_list_of_music_that/	https://open.spotify.com/track/7oB0QBEnGRIJjvlDc8YnM6?si=f725843623f34edc	I thought we could make a list of music that makes you feel happy or better.   (I have considered posting here many times but ultimately decided against  it. While listening to some music today i realized just how much it  helps. So i thought we together could make a list of songs that makes  you feel better.I'll start with my two favorites to cheer me up. (added another)	H
https://www.reddit.com/r/depression/comments/3aao9s/i_thought_we_could_make_a_list_of_music_that/	https://open.spotify.com/track/68s9Rkn9dyuonMXZXkKvWo?si=0556db861cb548fe	I thought we could make a list of music that makes you feel happy or better.   (I have considered posting here many times but ultimately decided against  it. While listening to some music today i realized just how much it  helps. So i thought we together could make a list of songs that makes  you feel better.I'll start with my two favorites to cheer me up. (added another)	H
https://www.reddit.com/r/depression/comments/14n9tv/comment/c7en5lh/?utm_source=share&utm_medium=web2x&context=3	https://open.spotify.com/track/5gNdqHSdG9eTbnvp8sZwUD?si=588cfd908bd34b35	All along by Kid Cudi. This song describes the way I feel so well. Kid Cudi has a lot of songs that describe depression well.	U
https://www.reddit.com/r/depression/comments/14n9tv/just_a_playlist_of_music_that_describes_how_i/	https://open.spotify.com/track/0mUyMawtxj1CJ76kn9gIZK?si=c0633058523b451f	Just a playlist of music that describes how I feel when I'm in my darkness. know music helps me a lot and I wanted to share some songs that help me  articulate what I'm feeling because... well who doesn't love music. You  may note there is a lot of Matchbox Twenty. I swear Rob Thomas has  depression or something because he describes it scarily well.	U
https://www.reddit.com/r/depression/comments/14n9tv/just_a_playlist_of_music_that_describes_how_i/	https://open.spotify.com/track/6Qyc6fS4DsZjB2mRW9DsQs?si=aa3a918278894d2d	Just a playlist of music that describes how I feel when I'm in my darkness.  know music helps me a lot and I wanted to share some songs that help me  articulate what I'm feeling because... well who doesn't love music. You  may note there is a lot of Matchbox Twenty. I swear Rob Thomas has  depression or something because he describes it scarily well.	U
https://www.reddit.com/r/depression/comments/14n9tv/just_a_playlist_of_music_that_describes_how_i/	https://open.spotify.com/track/1sjrDQXqAa9V07FjKIlAQ4?si=500858ac4b94461a	Just a playlist of music that describes how I feel when I'm in my darkness.  know music helps me a lot and I wanted to share some songs that help me  articulate what I'm feeling because... well who doesn't love music. You  may note there is a lot of Matchbox Twenty. I swear Rob Thomas has  depression or something because he describes it scarily well.	U
https://www.reddit.com/r/depression/comments/14n9tv/just_a_playlist_of_music_that_describes_how_i/	https://open.spotify.com/track/6Bm6qUCSatPAqkQllFL7oA?si=a156f278baa94119	Just a playlist of music that describes how I feel when I'm in my darkness.  know music helps me a lot and I wanted to share some songs that help me  articulate what I'm feeling because... well who doesn't love music. You  may note there is a lot of Matchbox Twenty. I swear Rob Thomas has  depression or something because he describes it scarily well.	U
https://www.reddit.com/r/depression/comments/14n9tv/just_a_playlist_of_music_that_describes_how_i/	https://open.spotify.com/track/3NLrRZoMF0Lx6zTlYqeIo4?si=b5a51252381b44a1	Just a playlist of music that describes how I feel when I'm in my darkness.  know music helps me a lot and I wanted to share some songs that help me  articulate what I'm feeling because... well who doesn't love music. You  may note there is a lot of Matchbox Twenty. I swear Rob Thomas has  depression or something because he describes it scarily well.	U
https://www.reddit.com/r/depression/comments/14n9tv/just_a_playlist_of_music_that_describes_how_i/	https://open.spotify.com/track/5fVZC9GiM4e8vu99W0Xf6J?si=f59f8bd7453e4d41	Just a playlist of music that describes how I feel when I'm in my darkness.  know music helps me a lot and I wanted to share some songs that help me  articulate what I'm feeling because... well who doesn't love music. You  may note there is a lot of Matchbox Twenty. I swear Rob Thomas has  depression or something because he describes it scarily well.	U
https://www.reddit.com/r/depression/comments/14n9tv/just_a_playlist_of_music_that_describes_how_i/	https://open.spotify.com/track/5WnNUwPQgpMxdCuuU15TSX?si=962ab4ff92a34fd8	Just a playlist of music that describes how I feel when I'm in my darkness.  know music helps me a lot and I wanted to share some songs that help me  articulate what I'm feeling because... well who doesn't love music. You  may note there is a lot of Matchbox Twenty. I swear Rob Thomas has  depression or something because he describes it scarily well.	U
https://www.reddit.com/r/depression/comments/14n9tv/just_a_playlist_of_music_that_describes_how_i/	https://open.spotify.com/track/4r7im8h2DTRPvl25YfNyIT?si=61cd342bd3314c6c	Just a playlist of music that describes how I feel when I'm in my darkness.  know music helps me a lot and I wanted to share some songs that help me  articulate what I'm feeling because... well who doesn't love music. You  may note there is a lot of Matchbox Twenty. I swear Rob Thomas has  depression or something because he describes it scarily well.	U
https://www.reddit.com/r/depression/comments/14n9tv/just_a_playlist_of_music_that_describes_how_i/	https://open.spotify.com/track/2U8g9wVcUu9wsg6i7sFSv8?si=dd79951d5cd64c99	Just a playlist of music that describes how I feel when I'm in my darkness.  know music helps me a lot and I wanted to share some songs that help me  articulate what I'm feeling because... well who doesn't love music. You  may note there is a lot of Matchbox Twenty. I swear Rob Thomas has  depression or something because he describes it scarily well.	U
https://www.reddit.com/r/depression/comments/32rtci/classical_music_makes_me_feel_depressed/	https://open.spotify.com/track/24nTZUgqU1P7fn074Pm3xZ?si=26612f1289834d83	Classical music makes me feel depressed I tried studying and listening to classical music.  Most of it made me really sad for some reason.  This piece especially  fucking crazy how much of an impact music has on your emotions. i feel  like the piece by chopin that i posted really makes me delve into my  past, and i just begin torturing myself with sad memories and regrets	U
https://www.reddit.com/r/depression/comments/5a1690/give_me_your_darkest_music/	https://open.spotify.com/track/4jmi1pxvJIq5zym6NKSI2V?si=9f016e2bd6dc4d8e	give me your darkest  looking for dark/depressing music to cry myself to sleep to	U
https://www.reddit.com/r/depression/comments/5a1690/give_me_your_darkest_music/	https://open.spotify.com/track/1i7OHkQmqTBHfSVCeWXaaU?si=a2aa77655cb64eea	give me your darkest  looking for dark/depressing music to cry myself to sleep to	U
https://www.reddit.com/r/depression/comments/5a1690/give_me_your_darkest_music/	https://open.spotify.com/track/0vjnLqEwVxEyFhaS9MVVoe?si=cca17cb3c00b4359	I'd recommend the album Tomorrow Is Nearly Yesterday And Everyday Is Stupid by Crywank, I find it painfully relatable and it's generally my crying music	U
https://www.reddit.com/r/depression/comments/5a1690/give_me_your_darkest_music/	https://open.spotify.com/track/6w3qBI9vCRzyXf6rd7ciWc?si=acfe81fbf08b4895	give me your darkest  looking for dark/depressing music to cry myself to sleep to	U
https://www.reddit.com/r/depression/comments/5a1690/give_me_your_darkest_music/	https://open.spotify.com/track/0zgTmQKlcGxZxHo3ObjnQx?si=2b34db9d00ed47b1	give me your darkest  looking for dark/depressing music to cry myself to sleep to	U
https://www.reddit.com/r/depression/comments/5bkaf7/what_your_music_when_the_darkest_days_keep_coming/	https://open.spotify.com/track/4dtQcMVCaXqlKDmJZPQ1x0?si=fe58b85cd9c94d13	 What your music when the darkest days keep coming  for me is Dark Music by Adrian von Ziegler	U
https://www.reddit.com/r/depression/comments/5f9p93/i_have_a_spotify_playlist_for_depressing_music/	https://open.spotify.com/track/3mBWn748dMJIi7jBUUjk6D?si=3c767e461e1a488b	I have a Spotify playlist for depressing music. Anyone else do this?                            	U
https://www.reddit.com/r/depression/comments/5fi3ls/what_music_best_mirrors_your_emotions/	https://open.spotify.com/track/3dxiWIBVJRlqh9xk144rf4?si=3a253b7bb9794912	What music best mirrors your emotions?                            	U
https://www.reddit.com/r/depression/comments/5fi3ls/what_music_best_mirrors_your_emotions/	https://open.spotify.com/track/4ywmyUAQ0WAdNHXpoWWqfv?si=bd1fc716ed5e4bd9	What music best mirrors your emotions?                            	U
https://www.reddit.com/r/depression/comments/5fi3ls/what_music_best_mirrors_your_emotions/	https://open.spotify.com/track/6XkuklKiHYVTlVvWlTgQYP?si=517168a15e8b452e	What music best mirrors your emotions?                            	U
https://www.reddit.com/r/depression/comments/5fi3ls/what_music_best_mirrors_your_emotions/	https://open.spotify.com/track/5tz69p7tJuGPeMGwNTxYuV?si=6ae74ccede8f4581	What music best mirrors your emotions?                            	U
https://www.reddit.com/r/depression/comments/77j3d7/dark_music/	https://open.spotify.com/track/30QR0ndUdiiMQMA9g1PGCm?si=0092a5da61a24319	Dark music	U
https://www.reddit.com/r/depression/comments/77j3d7/dark_music/	https://open.spotify.com/track/0kEZlJh4mK1QRfb3CT5LPk?si=920474f61f1e49a5	$uicideboy$ gets me going. Especially kill yourself part 3. Such a tune and catchy  lyrics. People who prefer dark music probably have some inner goth. I  know I do,	U
https://www.reddit.com/r/depression/comments/77j3d7/dark_music/	https://open.spotify.com/track/6tO5bxNnMuh1c3cziSpecA?si=d0ddef8dfe944146	Like you said it can put you in a bad cycle but I cant help but love it lol. Couple of my favorites being The Weeknd, Blackbear, and G-Eazy. Some rock and metal is good too	U
https://www.reddit.com/r/depression/comments/77j3d7/dark_music/	https://open.spotify.com/track/496GZe7MxLloHgUQTmY2Ch?si=bc35343243cf4aad	dark music	U
https://www.reddit.com/r/depression/comments/77j3d7/dark_music/	https://open.spotify.com/track/3GVkPk8mqxz0itaAriG1L7?si=0dde592bd8f34722	dark music	U
https://www.reddit.com/r/depression/comments/77j3d7/dark_music/	https://open.spotify.com/track/7AQim7LbvFVZJE3O8TYgf2?si=7fee6d3d1c944cc2	dark music	U
https://www.reddit.com/r/depression/comments/2jyoz3/music_for_depression/	https://open.spotify.com/track/4rfaoyaZvNa60cj3OKSQV9?si=4e580a8ac2b1436e	music for depression ?  I love Twenty One Pilots. Listen to some songs like Migraine, Truce, Fake You Out, Guns For Hands.They're all good, just listen to all their songs.	U
https://www.reddit.com/r/depression/comments/2jyoz3/music_for_depression/	https://open.spotify.com/track/6BEKt5axiNeWCr9huv0k7I?si=66f1db7e13f54de5	music for depression ?  I love Twenty One Pilots. Listen to some songs like Migraine, Truce, Fake You Out, Guns For Hands.They're all good, just listen to all their songs.	U
https://www.reddit.com/r/depression/comments/2jyoz3/music_for_depression/	https://open.spotify.com/track/5WJU527RQNyMLuKecjsL8V?si=baf2f31b44484e64	music for depression ?  I love Twenty One Pilots. Listen to some songs like Migraine, Truce, Fake You Out, Guns For Hands.They're all good, just listen to all their songs.	U
https://www.reddit.com/r/depression/comments/2jyoz3/music_for_depression/	https://open.spotify.com/track/7lR743VxfubUw5m9dpnR9x?si=a31f377c8af84735	Music for depression ?	U
https://www.reddit.com/r/depression/comments/2jyoz3/music_for_depression/	https://open.spotify.com/track/6JFujOM9rzcsAyDS0kIFr5?si=7cdbea684ef440c6	Music for depression ?	U
https://www.reddit.com/r/depression/comments/2jyoz3/music_for_depression/	https://open.spotify.com/track/0vsuDbZZ7llAd299f0xxc3?si=f8812bffa28b4106	Music for depression ?	U
https://www.reddit.com/r/depression/comments/2jyoz3/music_for_depression/	https://open.spotify.com/track/2OKo7g3KfmCt3kyLvUAL0g?si=5354f7a8f3c8435d	Music for depression ?	U
https://www.reddit.com/r/depression/comments/2jyoz3/music_for_depression/	https://open.spotify.com/track/1SDtZ69uALD5zW8k9S8hTf?si=d99b03fed8734182	Music for depression ?	U
https://www.reddit.com/r/depression/comments/2jyoz3/music_for_depression/	https://open.spotify.com/track/5DHQKZCOZhGNTbYBCekWx0?si=fd3f8cb94a684b9e	Music for depression ?	U
https://www.reddit.com/r/depression/comments/2jyoz3/music_for_depression/	https://open.spotify.com/track/3UmaczJpikHgJFyBTAJVoz?si=6c18295ca9284756	Music for depression ?	U
https://www.reddit.com/r/depression/comments/2jyoz3/music_for_depression/	https://open.spotify.com/track/3qEg6xYffvuvwpq4U6FRrK?si=bafbb23564414792	Music for depression ?	U
https://www.reddit.com/r/DepressionMusic/comments/g90svz/just_a_sad_song/?utm_source=share&utm_medium=ios_app&utm_name=iossmf	https://open.spotify.com/track/2Et0JT9PxpdI4gl529Ifws?si=KJQ538FfRYO-7haXwFDJZg	Just a sad song                            	U
https://www.reddit.com/r/DepressionMusic/comments/g4oai3/it_reminds_me_of_the_times_i_relapsed_and_felt/?utm_source=share&utm_medium=ios_app&utm_name=iossmf	https://open.spotify.com/track/18PHjDnMGEc2MVudN7CG9F	It reminds me of the times i relapsed and felt like mental state just kept  falling deeper and deeper into a whole i couldn't get out of                            	U
https://www.reddit.com/r/DepressionMusic/comments/obetbg/this_song_sounds_like_what_depression_feels_like/	https://open.spotify.com/track/19C0wFkkGTPCXSSoP2EkD9?autoplay=true	This song sounds like what depression feels like for me                            	U
https://www.reddit.com/r/depression/comments/qp55rk/help_with_some_music/	https://open.spotify.com/track/3AHu2gQ8k0xkHzm4qm60zm?si=8d44caac71ef45cd	That being said, im looking for some music to just relax to. so i figured instead of looking through spotify for 3 hours i might as well ask all of you! 	H
https://www.reddit.com/r/depression/comments/qp55rk/help_with_some_music/	https://open.spotify.com/track/1FdU4oF88UOJwA9GYgognx?si=f43f15cd38014c26	That being said, im looking for some music to just relax to. so i figured instead of looking through spotify for 3 hours i might as well ask all of you! 	H
https://www.reddit.com/r/depression/comments/qp55rk/help_with_some_music/	https://open.spotify.com/track/1v3Ozpbcx2B926aVW0UuXk?si=d8dc090729cc4e27	That being said, im looking for some music to just relax to. so i figured instead of looking through spotify for 3 hours i might as well ask all of you! 	H
https://www.reddit.com/r/depression/comments/qjv6z7/music/	https://open.spotify.com/track/3dqxngWDgh4tb0VSb83nvc?si=df8e247c38f44212	I love this song, itâ€™s so relatable	U
https://www.reddit.com/r/depression/comments/q6fz75/comment/hgbvlvb/?utm_source=share&utm_medium=web2x&context=3	https://open.spotify.com/track/5IpKduzyTWSCebGXkfJ2Mm?si=0b9698e0dd8340c1	No driver's license per se, but brooding to sad music when I'm at rock bottom helps channel the misery into something easier, like a beautiful tragedy instead of just feeling like shite. My go-to song for days like this is Soubou by Tatsuro Yamashita, but Heaven by Talking Heads has been scratching that itch recently too.	U
https://www.reddit.com/r/depression/comments/poghu4/comment/hcyb4sa/?utm_source=share&utm_medium=web2x&context=3	https://open.spotify.com/track/1DWZUa5Mzf2BwzpHtgbHPY?si=59ad2f5ea20a4d46	Music heals! Enjoy your time & let everything go...  	H
https://www.reddit.com/r/depression/comments/poghu4/comment/hcyb4sa/?utm_source=share&utm_medium=web2x&context=3	https://open.spotify.com/track/2hwOoMtWPtTSSn6WHV7Vp5?si=0ce901e4aeb3480a	Music heals! Enjoy your time & let everything go... 	H
https://www.reddit.com/r/depression/comments/kjvqvv/what_music_do_you_listen_to_when_you_are_depressed/	https://open.spotify.com/track/5nGhviemOj1GRyokq2pLfn?si=067b46dca5034111	bit late comment here, but are you into ambient music?  i recommend you try out this piece Aphex Twin - Rhubarb, peaceful, calm and soothing. Eventhough it's just a loop but i could listen to it for hours	H
https://www.reddit.com/r/depression/comments/kjvqvv/what_music_do_you_listen_to_when_you_are_depressed/	https://open.spotify.com/track/5XFoaqV1Z8XaLJidchVWhh?si=ad7e3477a7534352	Love- Kid Cudi  He himself has dealt with depression and this song has helped me alot.	U
https://www.reddit.com/r/depression/comments/kjvqvv/what_music_do_you_listen_to_when_you_are_depressed/	https://open.spotify.com/track/52okn5MNA47tk87PeZJLEL?si=57a67833263847c4	I love to listen to NF he captures so many of my emotions and although they are sort of feeding into the sadness a bit, I get this sense of comfort knowing that I am not alone, my favorite song from him is I miss the days and my stress	U
https://www.reddit.com/r/depression/comments/kjvqvv/what_music_do_you_listen_to_when_you_are_depressed/	https://open.spotify.com/track/3i5qVV8azKqGFK4Gzdt5YS?si=a2ae4c71910243be	I love to listen to NF he captures so many of my emotions and although they are sort of feeding into the sadness a bit, I get this sense of comfort knowing that I am not alone, my favorite song from him is I miss the days and my stress	U
https://www.reddit.com/r/depression/comments/kjvqvv/what_music_do_you_listen_to_when_you_are_depressed/	https://open.spotify.com/track/2OKo7g3KfmCt3kyLvUAL0g?si=d6b7b39518484fdb	I love to listen to NF he captures so many of my emotions and although they are sort of feeding into the sadness a bit, I get this sense of comfort knowing that I am not alone, my favorite song from him is I miss the days and my stress	U
https://www.reddit.com/r/depression/comments/kjvqvv/what_music_do_you_listen_to_when_you_are_depressed/	https://open.spotify.com/track/07FkzikE6FuHIa8Ma7zJGc?si=ffe427233cd6434b	I love to listen to NF he captures so many of my emotions and although they are sort of feeding into the sadness a bit, I get this sense of comfort knowing that I am not alone, my favorite song from him is I miss the days and my stress	U
https://www.reddit.com/r/depression/comments/kjvqvv/what_music_do_you_listen_to_when_you_are_depressed/	https://open.spotify.com/track/3i5qVV8azKqGFK4Gzdt5YS?si=31ae6076e34f4086	I love to listen to NF he captures so many of my emotions and although they are sort of feeding into the sadness a bit, I get this sense of comfort knowing that I am not alone, my favorite song from him is I miss the days and my stress	U
https://www.reddit.com/r/depression/comments/kjvqvv/what_music_do_you_listen_to_when_you_are_depressed/	https://open.spotify.com/track/6MxMqCgqmekcr0VwSU7AVH?si=15bc7d5a810b4ac8	I love to listen to NF he captures so many of my emotions and although they are sort of feeding into the sadness a bit, I get this sense of comfort knowing that I am not alone, my favorite song from him is I miss the days and my stress	U
https://www.reddit.com/r/depression/comments/kjvqvv/what_music_do_you_listen_to_when_you_are_depressed/	https://open.spotify.com/track/6WKk8l8EXiwPBYlmSlhZWx?si=770a1ce6418d440b	I love to listen to NF he captures so many of my emotions and although they are sort of feeding into the sadness a bit, I get this sense of comfort knowing that I am not alone, my favorite song from him is I miss the days and my stress	U
https://www.reddit.com/r/depression/comments/kjvqvv/what_music_do_you_listen_to_when_you_are_depressed/	https://open.spotify.com/track/5cbpoIu3YjoOwbBDGUEp3P?si=89dd10582730408f	21 pilots-car radio is another song that helps, I usually just allow my emotions to flow through and just let them be until I feel a bit better	U
https://www.reddit.com/r/depression/comments/kjvqvv/what_music_do_you_listen_to_when_you_are_depressed/	https://open.spotify.com/track/1mCsF9Tw4AkIZOjvZbZZdT?si=6c853dd0392543ab	that's definitely fair, this may be super cheesy but if I feel like I'm not able to get out of the depressive episode I'll listen to ain't nothing gonna break my stride by Matthew wilder, or Phil Collins in the air tonight, that short drum solo always gets me pumped lol  	U
https://www.reddit.com/r/depression/comments/kjvqvv/what_music_do_you_listen_to_when_you_are_depressed/	https://open.spotify.com/track/18AXbzPzBS8Y3AkgSxzJPb?si=e04fb5c908f3423a	that's definitely fair, this may be super cheesy but if I feel like I'm not able to get out of the depressive episode I'll listen to ain't nothing gonna break my stride by Matthew wilder, or Phil Collins in the air tonight, that short drum solo always gets me pumped lol  	U
https://www.reddit.com/r/depression/comments/kjvqvv/what_music_do_you_listen_to_when_you_are_depressed/	https://open.spotify.com/track/6mFkJmJqdDVQ1REhVfGgd1?si=b11b0b53dbd74f57	Anything by Pink Floyd or U2. Pink Floyd can be a bit too heavy at times, but I REALLY love their music so it usually helps me feel better. Anything by U2 is good because some of their stuff is really upbeat and it also makes me think back to some really good times in my life.  	H
https://www.reddit.com/r/depression/comments/kjvqvv/what_music_do_you_listen_to_when_you_are_depressed/	https://open.spotify.com/track/4gMgiXfqyzZLMhsksGmbQV?si=bac8911ebc8b4b92	Anything by Pink Floyd or U2. Pink Floyd can be a bit too heavy at times, but I REALLY love their music so it usually helps me feel better. Anything by U2 is good because some of their stuff is really upbeat and it also makes me think back to some really good times in my life.  	H
https://www.reddit.com/r/depression/comments/kjvqvv/what_music_do_you_listen_to_when_you_are_depressed/	https://open.spotify.com/track/5HNCy40Ni5BZJFw1TKzRsC?si=52f4e7e89b6d40b9	Anything by Pink Floyd or U2. Pink Floyd can be a bit too heavy at times, but I REALLY love their music so it usually helps me feel better. Anything by U2 is good because some of their stuff is really upbeat and it also makes me think back to some really good times in my life.  	H
https://www.reddit.com/r/depression/comments/kjvqvv/what_music_do_you_listen_to_when_you_are_depressed/	https://open.spotify.com/track/4N0fzRX3T7QkOecp3pkWpp?si=f4619a8c836a43ea	Anything by Pink Floyd or U2. Pink Floyd can be a bit too heavy at times, but I REALLY love their music so it usually helps me feel better. Anything by U2 is good because some of their stuff is really upbeat and it also makes me think back to some really good times in my life.  	H
https://www.reddit.com/r/depression/comments/kjvqvv/what_music_do_you_listen_to_when_you_are_depressed/	https://open.spotify.com/track/6wpGqhRvJGNNXwWlPmkMyO?si=0f4775e548304a84	Anything by Pink Floyd or U2. Pink Floyd can be a bit too heavy at times, but I REALLY love their music so it usually helps me feel better. Anything by U2 is good because some of their stuff is really upbeat and it also makes me think back to some really good times in my life.  	H
https://www.reddit.com/r/depression/comments/kjvqvv/what_music_do_you_listen_to_when_you_are_depressed/	https://open.spotify.com/track/3G69vJMWsX6ZohTykad2AU?si=ec96f4f0f4d841c9	Anything by Pink Floyd or U2. Pink Floyd can be a bit too heavy at times, but I REALLY love their music so it usually helps me feel better. Anything by U2 is good because some of their stuff is really upbeat and it also makes me think back to some really good times in my life.  	H
https://www.reddit.com/r/depression/comments/kjvqvv/what_music_do_you_listen_to_when_you_are_depressed/	https://open.spotify.com/track/6ADSaE87h8Y3lccZlBJdXH?si=1f4dcbfa90a64b9d	Anything by Pink Floyd or U2. Pink Floyd can be a bit too heavy at times, but I REALLY love their music so it usually helps me feel better. Anything by U2 is good because some of their stuff is really upbeat and it also makes me think back to some really good times in my life.  	H
https://www.reddit.com/r/depression/comments/kiaelv/comment/ggpnkws/?utm_source=share&utm_medium=web2x&context=3	https://open.spotify.com/track/1ibeKVCiXORhvUpMmtsQWq?si=7058bfb4fa454ccc	Music is medicine  	H
https://www.reddit.com/r/depression/comments/kiaelv/comment/ggpnkws/?utm_source=share&utm_medium=web2x&context=3	https://open.spotify.com/track/5GorCbAP4aL0EJ16frG2hd?si=116544055b334be2	Music is medicine 	H
https://www.reddit.com/r/depression/comments/kiaelv/had_a_bad_day_found_sad_music_really_helped_me/	https://open.spotify.com/track/615auKcis6sGDrHk6UTeog?si=7ec272f5e2a44f8f	Jewel's Hands is one of my favorite sad songs. She wrote it when she was very depressed and learning about mindfulness, and she learned that if you focus on what your hands are doing you will lead a more mindful life. Thus the song.	H
https://www.reddit.com/r/depression/comments/kavq78/comment/gfd8pxq/?utm_source=share&utm_medium=web2x&context=3	https://open.spotify.com/track/1DWZUa5Mzf2BwzpHtgbHPY?si=4d024b7314934ad9	Please give me music to cry to 	U
https://www.reddit.com/r/depression/comments/jv0pmx/sad_music_makes_me_feel_worse_but_its_hard_to/	https://open.spotify.com/track/3xXBsjrbG1xQIm1xv1cKOt?si=0673551bd8cb4162	Sad music makes me feel worse, but it's hard to stop listening to it.	U
https://www.reddit.com/r/depression/comments/jv0pmx/sad_music_makes_me_feel_worse_but_its_hard_to/	https://open.spotify.com/track/5nekfiTN45vlxG0eNJQQye?si=ff614ca5cb964766	Sad music makes me feel worse, but it's hard to stop listening to it. 	U
https://www.reddit.com/r/depression/comments/fj8jx2/sad_music_helps/	https://open.spotify.com/track/0i19MAZbyn8uTir7FprXId?si=656147738b0248d4	It pairs with my actual feelings, as opposed to forced happiness. It's good. A plus. Also, sometimes you get representation through lyrics, and that is definitely good.  	U
https://www.reddit.com/r/depression/comments/fj8jx2/sad_music_helps/	https://open.spotify.com/track/0cKk8BKEi7zXbdrYdyqBP5?si=6effc8e339194741	It pairs with my actual feelings, as opposed to forced happiness. It's good. A plus. Also, sometimes you get representation through lyrics, and that is definitely good.  	U
https://www.reddit.com/r/depression/comments/fj8jx2/sad_music_helps/	https://open.spotify.com/track/0byOqNZN9ailhoORv5Ps0Z?si=8dacd407dba141d4	It pairs with my actual feelings, as opposed to forced happiness. It's good. A plus. Also, sometimes you get representation through lyrics, and that is definitely good.  	U
https://www.reddit.com/r/depression/comments/fj8jx2/sad_music_helps/	https://open.spotify.com/track/1BExV8JprNJLvLeDE9qdEW?si=e41605e69f15458d	It pairs with my actual feelings, as opposed to forced happiness. It's good. A plus. Also, sometimes you get representation through lyrics, and that is definitely good.  	U
https://www.reddit.com/r/depression/comments/fj8jx2/sad_music_helps/	https://open.spotify.com/track/6GVHOe58Dkgtsv8pRmL7Cv?si=88374d3889bd4582	It pairs with my actual feelings, as opposed to forced happiness. It's good. A plus. Also, sometimes you get representation through lyrics, and that is definitely good.  	U
https://www.reddit.com/r/depression/comments/fj8jx2/sad_music_helps/	https://open.spotify.com/track/7LVHVU3tWfcxj5aiPFEW4Q?si=f68233dc10c8482c	It pairs with my actual feelings, as opposed to forced happiness. It's good. A plus. Also, sometimes you get representation through lyrics, and that is definitely good.  	U
https://www.reddit.com/r/depression/comments/fj8jx2/sad_music_helps/	https://open.spotify.com/track/0Fao855T3klV3REFRFHRF3?si=029dd45473444be9	It pairs with my actual feelings, as opposed to forced happiness. It's good. A plus. Also, sometimes you get representation through lyrics, and that is definitely good.  	U
https://www.reddit.com/r/depression/comments/fcjqkx/post_the_music_best_reflecting_your_state_of_mind/	https://open.spotify.com/track/4gHnSNHs8RyVukKoWdS99f?si=73006ea9cb34467a	Post the music best reflecting your state of mind 	U
https://www.reddit.com/r/depression/comments/fcjqkx/post_the_music_best_reflecting_your_state_of_mind/	https://open.spotify.com/track/3rNYkRnptT2EJViC13Pae9?si=51071739b7a343a2	Post the music best reflecting your state of mind 	U
https://www.reddit.com/r/depression/comments/fcjqkx/post_the_music_best_reflecting_your_state_of_mind/	https://open.spotify.com/track/2s56LBBP2QxjiQOGImy9Rf?si=f65fdc0051e44d3b	Post the music best reflecting your state of mind 	U
https://www.reddit.com/r/depression/comments/fcjqkx/post_the_music_best_reflecting_your_state_of_mind/	https://open.spotify.com/track/1VPUpUwtbpoRVXt0txVU0w?si=f862388db8014c97	Post the music best reflecting your state of mind 	U
https://www.reddit.com/r/depression/comments/fcjqkx/post_the_music_best_reflecting_your_state_of_mind/	https://open.spotify.com/track/3ZCTVFBt2Brf31RLEnCkWJ?si=2a81f686135f4b4b	Post the music best reflecting your state of mind 	U
https://www.reddit.com/r/depression/comments/fcjqkx/post_the_music_best_reflecting_your_state_of_mind/	https://open.spotify.com/track/5gWtkdgdyt5bZt9i6n3Kqd?si=edb7db08aa5a445f	Post the music best reflecting your state of mind 	U
https://www.reddit.com/r/depression/comments/fcjqkx/post_the_music_best_reflecting_your_state_of_mind/	https://open.spotify.com/track/0SnvI0twJ1Mnh0rJlBRrf0?si=911e019582144fcc	Post the music best reflecting your state of mind 	U
https://www.reddit.com/r/depression/comments/fcjqkx/post_the_music_best_reflecting_your_state_of_mind/	https://open.spotify.com/track/2UREu1Y8CO4jXkbvqAtP7g?si=37ba97581b6447a5	Post the music best reflecting your state of mind 	U
https://www.reddit.com/r/depression/comments/fcjqkx/post_the_music_best_reflecting_your_state_of_mind/	https://open.spotify.com/track/40i81AcCCxiVEFUWElcjZC?si=f940c21b96d54b4c	Post the music best reflecting your state of mind 	U
https://www.reddit.com/r/depression/comments/fcjqkx/post_the_music_best_reflecting_your_state_of_mind/	https://open.spotify.com/track/5rYpwP1dHWGVMrSZbTmt3e?si=0d42c54f849d4743	Post the music best reflecting your state of mind 	U
https://www.reddit.com/r/depression/comments/fcjqkx/post_the_music_best_reflecting_your_state_of_mind/	https://open.spotify.com/track/56oReVXIfUO9xkX7pHmEU0?si=10b6848a07ce4c3d	Post the music best reflecting your state of mind 	U
https://www.reddit.com/r/depression/comments/fcjqkx/post_the_music_best_reflecting_your_state_of_mind/	https://open.spotify.com/track/6Ph8QwsRfZunN5e1GGBIqa?si=0a0ead99322a4ec7	Post the music best reflecting your state of mind 	U
https://www.reddit.com/r/depression/comments/fcjqkx/post_the_music_best_reflecting_your_state_of_mind/	https://open.spotify.com/track/3j14qtAI9kueKAxtjYYjsZ?si=52375178365f47bb	Post the music best reflecting your state of mind 	U
https://www.reddit.com/r/depression/comments/fcjqkx/post_the_music_best_reflecting_your_state_of_mind/	https://open.spotify.com/track/1eg68RXsFrhyLWsmLJgx5U?si=4cc289a1810c493c	Post the music best reflecting your state of mind 	U
https://www.reddit.com/r/depression/comments/fcjqkx/post_the_music_best_reflecting_your_state_of_mind/	https://open.spotify.com/track/59d33G8qJVS1pGkPEChguB?si=dfe5055b006c4fe3	Post the music best reflecting your state of mind 	U
https://www.reddit.com/r/depression/comments/fcjqkx/post_the_music_best_reflecting_your_state_of_mind/	https://open.spotify.com/track/7GYqzwtxd7gqggYgEOpnAu?si=a3801bbe11704a7c	Post the music best reflecting your state of mind 	U
https://www.reddit.com/r/depression/comments/fcjqkx/post_the_music_best_reflecting_your_state_of_mind/	https://open.spotify.com/track/6wi3qtoKT7v3dnXyxrEBDg?si=49583ad9bf95420c	Post the music best reflecting your state of mind 	U
https://www.reddit.com/r/depression/comments/fcjqkx/post_the_music_best_reflecting_your_state_of_mind/	https://open.spotify.com/track/1oVy2p3YL1MRr6rXRek6J1?si=1d748ce740b34450	Post the music best reflecting your state of mind 	U
https://www.reddit.com/r/depression/comments/fcjqkx/post_the_music_best_reflecting_your_state_of_mind/	https://open.spotify.com/track/7eJMfftS33KTjuF7lTsMCx?si=72d39e8d0b7c477e	Post the music best reflecting your state of mind 	U
https://www.reddit.com/r/depression/comments/fcjqkx/post_the_music_best_reflecting_your_state_of_mind/	https://open.spotify.com/track/1ugQtcwmKOXvKAYzhjncmv?si=33721bc9527d4a82	Post the music best reflecting your state of mind 	U
https://www.reddit.com/r/depression/comments/fcjqkx/post_the_music_best_reflecting_your_state_of_mind/	https://open.spotify.com/track/6hjh2phISvfR1Ib6S0FK7b?si=27133370e1474cb3	Post the music best reflecting your state of mind 	U
https://www.reddit.com/r/depression/comments/fcjqkx/post_the_music_best_reflecting_your_state_of_mind/	https://open.spotify.com/track/2ZTYlnhhV1UAReg7wIGolx?si=a273f9991047411c	Post the music best reflecting your state of mind 	U
https://www.reddit.com/r/depression/comments/fcjqkx/post_the_music_best_reflecting_your_state_of_mind/	https://open.spotify.com/track/4OAWwm87TNnCqWx1YBFhTH?si=459598c219b546b4	Post the music best reflecting your state of mind 	U
https://www.reddit.com/r/depression/comments/fcjqkx/post_the_music_best_reflecting_your_state_of_mind/	https://open.spotify.com/track/53vnqo1IeETwwIrzTA6St8?si=7013a2ef7b61463c	Post the music best reflecting your state of mind 	U
https://www.reddit.com/r/depression/comments/fcjqkx/post_the_music_best_reflecting_your_state_of_mind/	https://open.spotify.com/track/0UPsthwl0xYh8hlaw0CBXV?si=efcb8182d27447c9	Post the music best reflecting your state of mind 	U
https://www.reddit.com/r/depression/comments/fcjqkx/post_the_music_best_reflecting_your_state_of_mind/	https://open.spotify.com/track/3ebfDw8WEbf0DxGh47R2lo?si=afeb9c0c35694cdc	Post the music best reflecting your state of mind 	U
https://www.reddit.com/r/depression/comments/fcjqkx/post_the_music_best_reflecting_your_state_of_mind/	https://open.spotify.com/track/0fHY1FiWuuIwy9uvyEj9O5?si=d6c4bcc87caf45fd	Post the music best reflecting your state of mind 	U
https://www.reddit.com/r/depression/comments/fcjqkx/post_the_music_best_reflecting_your_state_of_mind/	https://open.spotify.com/track/2jFus6Szb29hhxJ2juhQjS?si=7d54a5d81920447c	Post the music best reflecting your state of mind 	U
https://www.reddit.com/r/depression/comments/fcjqkx/post_the_music_best_reflecting_your_state_of_mind/	https://open.spotify.com/track/4mGdjNMo0RonTlOEb7cYg4?si=17a198b40f5c438f	Post the music best reflecting your state of mind 	U
https://www.reddit.com/r/depression/comments/fcjqkx/post_the_music_best_reflecting_your_state_of_mind/	https://open.spotify.com/track/14ktfS9KElRJrRTiegpVEj?si=4d04be617370493b	Post the music best reflecting your state of mind 	U
https://www.reddit.com/r/depression/comments/fcjqkx/post_the_music_best_reflecting_your_state_of_mind/	https://open.spotify.com/track/6UzeOH4bRPzKTo2wCXMZmC?si=5da6890dbddc4ffb	Post the music best reflecting your state of mind 	U
https://www.reddit.com/r/depression/comments/fcjqkx/post_the_music_best_reflecting_your_state_of_mind/	https://open.spotify.com/track/2xtgaxm8J9Jh2rr5M7ZLFJ?si=89daed01b9ce46df	Post the music best reflecting your state of mind 	U
https://www.reddit.com/r/depression/comments/fcjqkx/post_the_music_best_reflecting_your_state_of_mind/	https://open.spotify.com/track/1TVztjUKJuO4fSkSzhkm2J?si=b5d339350f054cac	Post the music best reflecting your state of mind 	U
https://www.reddit.com/r/depression/comments/fcjqkx/post_the_music_best_reflecting_your_state_of_mind/	https://open.spotify.com/track/1QdiVSHrUINK7WBjVGS49v?si=ae789e4c2e9f4c44	Post the music best reflecting your state of mind 	U
https://www.reddit.com/r/depression/comments/fcjqkx/post_the_music_best_reflecting_your_state_of_mind/	https://open.spotify.com/track/4svZDCRz4cJoneBpjpx8DJ?si=1fa8ee657b5b4277	Post the music best reflecting your state of mind 	U
https://www.reddit.com/r/depression/comments/eeatji/depressing_music/	https://open.spotify.com/track/2H3wWrnO758y0fPH7Ilerg?si=644b894358c64d27	Depressing music	U
https://www.reddit.com/r/depression/comments/eeatji/depressing_music/	https://open.spotify.com/track/0gn5HTzwrLAw3KLuodW5vo?si=f23329cea0aa4853	Depressing music	U
https://www.reddit.com/r/depression/comments/eeatji/depressing_music/	https://open.spotify.com/track/2OdbtJsj3h2u3gbXi0RA9n?si=26dab41e818a43cc	Depressing music	U